[
  {
    "nepali": "भोजपुर",
    "english": "Bhojpur"
  },
  {
    "nepali": "धनकुटा",
    "english": "Dhankuta"
  },
  {
    "nepali": "इलाम",
    "english": "Ilam"
  },
  {
    "nepali": "झापा",
    "english": "Jhapa"
  },
  {
    "nepali": "खोटाङ्ग",
    "english": "Khotang"
  },
  {
    "nepali": "मोरङ्ग",
    "english": "Morang"
  },
  {
    "nepali": "ओखलढुंगा",
    "english": "Okhaldhunga"
  },
  {
    "nepali": "पाँचथर",
    "english": "Panchthar"
  },
  {
    "nepali": "संखुवासभा",
    "english": "Sankhuwasabha"
  },
  {
    "nepali": "सोलुखुम्बु",
    "english": "Solukhumbu"
  },
  {
    "nepali": "सुनसरी",
    "english": "Sunsari"
  },
  {
    "nepali": "ताप्लेजुंग",
    "english": "Taplejung"
  },
  {
    "nepali": "तेर्हथुम",
    "english": "Tehrathum"
  },
  {
    "nepali": "उदयपुर",
    "english": "Udayapur"
  },
  {
    "nepali": "पर्सा",
    "english": "Parsa"
  },
  {
    "nepali": "बारा",
    "english": "Bara"
  },
  {
    "nepali": "रौतहट",
    "english": "Rautahat"
  },
  {
    "nepali": "सर्लाही",
    "english": "Sarlahi"
  },
  {
    "nepali": "सिराहा",
    "english": "Siraha"
  },
  {
    "nepali": "धनुषा",
    "english": "Dhanusha"
  },
  {
    "nepali": "सप्तरी",
    "english": "Saptari"
  },
  {
    "nepali": "महोत्तरी",
    "english": "Mahottari"
  },
  {
    "nepali": "भक्तपुर",
    "english": "Bhaktapur"
  },
  {
    "nepali": "चितवन",
    "english": "Chitwan"
  },
  {
    "nepali": "धादिङ्ग",
    "english": "Dhading"
  },
  {
    "nepali": "दोलखा",
    "english": "Dolakha"
  },
  {
    "nepali": "काठमाडौं",
    "english": "Kathmandu"
  },
  {
    "nepali": "काभ्रेपलाञ्चोक",
    "english": "Kavrepalanchok"
  },
  {
    "nepali": "ललितपुर",
    "english": "Lalitpur"
  },
  {
    "nepali": "मकवानपुर",
    "english": "Makawanpur"
  },
  {
    "nepali": "नुवाकोट",
    "english": "Nuwakot"
  },
  {
    "nepali": "रामेछाप",
    "english": "Ramechhap"
  },
  {
    "nepali": "रसुवा",
    "english": "Rasuwa"
  },
  {
    "nepali": "सिन्धुली",
    "english": "Sindhuli"
  },
  {
    "nepali": "सिन्धुपाल्चोक",
    "english": "Sindhupalchok"
  },
  {
    "nepali": "बागलुङ",
    "english": "Baglung"
  },
  {
    "nepali": "गोरखा",
    "english": "Gorkha"
  },
  {
    "nepali": "कास्की",
    "english": "Kaski"
  },
  {
    "nepali": "लमजुंग",
    "english": "Lamjung"
  },
  {
    "nepali": "मनाङ्ग",
    "english": "Manang"
  },
  {
    "nepali": "मुस्ताङ", 
    "english": "Mustang"
  },
  {
    "nepali": "म्याग्दी",
    "english": "Myagdi"
  },
  {
    "nepali": "नवलपरासी (बर्दघाट सुस्ता पूर्व)",
    "english": "Nawalpur"
  },
  {
    "nepali": "पर्वत",
    "english": "Parbat"
  },
  {
    "nepali": "स्याङ्जा",
    "english": "Syangja"
  },
  {
    "nepali": "तनहुँ",
    "english": "Tanahun"
  },
  {
    "nepali": "कपिलवस्तु",
    "english": "Kapilvastu"
  },
  {
    "nepali": "नवलपरासी (बर्दघाट सुस्ता पश्चिम)",
    "english": "Parasi"
  },
  {
    "nepali": "रुपन्देही",
    "english": "Rupandehi"
  },
  {
    "nepali": "अर्घाखांची",
    "english": "Arghakhanchi"
  },
  {
    "nepali": "गुल्मी",
    "english": "Gulmi"
  },
  {
    "nepali": "पाल्पा",
    "english": "Palpa"
  },
  {
    "nepali": "दाङ",
    "english": "Dang"
  },
  {
    "nepali": "प्यूठान",
    "english": "Pyuthan"
  },
  {
    "nepali": "रोल्पा",
    "english": "Rolpa"
  },
  {
    "nepali": "रुकुम पूर्व",
    "english": "Rukum Purva"
  },
  {
    "nepali": "बाँके",
    "english": "Banke"
  },
  {
    "nepali": "बर्दिया",
    "english": "Bardiya"
  },
  {
    "nepali": "रुकुम पश्चिम",
    "english": "Rukum Pashchim"
  },
  {
    "nepali": "सल्यान",
    "english": "Salyan"
  },
  {
    "nepali": "डोल्पा",
    "english": "Dolpa"
  },
  {
    "nepali": "हुम्ला",
    "english": "Humla"
  },
  {
    "nepali": "जुम्ला",
    "english": "Jumla"
  },
  {
    "nepali": "कालिकोट",
    "english": "Kalikot"
  },
  {
    "nepali": "मुगु",
    "english": "Mugu"
  },
  {
    "nepali": "सुर्खेत",
    "english": "Surkhet"
  },
  {
    "nepali": "दैलेख",
    "english": "Dailekh"
  },
  {
    "nepali": "जाजरकोट",
    "english": "Jajarkot"
  },
  {
    "nepali": "दार्चुला",
    "english": "Darchula"
  },
  {
    "nepali": "बझाङ्ग",
    "english": "Bajhang"
  },
  {
    "nepali": "बाजुरा",
    "english": "Bajura"
  },
  {
    "nepali": "बैतडी",
    "english": "Baitadi"
  },
  {
    "nepali": "डोटी",
    "english": "Doti"
  },
  {
    "nepali": "अछाम",
    "english": "Achham"
  },
  {
    "nepali": "डडेलधुरा",
    "english": "Dadeldhura"
  },
  {
    "nepali": "कन्चनपुर",
    "english": "Kanchanpur"
  },
  {
    "nepali": "कैलाली",
    "english": "Kailali"
  }
]